Title,Stipend,Email,Phone No,Location,Last Date to Apply,Apply Link,View Detail Link
Title: ARTIFICIAL INTELLIGENCE WITH PYTHON- MICROSOFT,Stipend: Rs. 1000,Email: help@rinex.ai,Phone No: 7892745201,Location: Bangalore,Last Date to Apply: 2026-12-11,./apply.php?uid=INTERNSHIP_16971055196527c66fa8584&company_id=CORPORATE64732f6a043e01685270378&level=1&synopsis=No,./details_internship.php?uid=INTERNSHIP_16971055196527c66fa8584&level=1
Title: MACHINE LEARNING,Stipend: Rs. 1000,Email: help@rinex.ai,Phone No: 7892745201,Location: Bangalore,Last Date to Apply: 2026-12-11,./apply.php?uid=INTERNSHIP_16971058856527c7dd0fde7&company_id=CORPORATE64732f6a043e01685270378&level=1&synopsis=No,./details_internship.php?uid=INTERNSHIP_16971058856527c7dd0fde7&level=1
Title: DATA SCIENCE,Stipend: Rs. 1000,Email: help@rinex.ai,Phone No: 7892745201,Location: Bangalore,Last Date to Apply: 2026-12-11,./apply.php?uid=INTERNSHIP_16971063406527c9a46ede1&company_id=CORPORATE64732f6a043e01685270378&level=1&synopsis=No,./details_internship.php?uid=INTERNSHIP_16971063406527c9a46ede1&level=1
Title: ARTIFICIAL INTELLIGENCE: AI TRAINEE INTERN,Stipend: Rs. 0,Email: akash@elewayte.com,Phone No: 6383453564,Location: PAN INDIA,Last Date to Apply: 2025-12-31,./apply.php?uid=INTERNSHIP_1700650368655ddd80e479e&company_id=CORPORATE652010a62675a1696600230&level=1&synopsis=No,./details_internship.php?uid=INTERNSHIP_1700650368655ddd80e479e&level=1
Title: MACHINE LEARNING: MACHINE LEARNING OPERATIONS INTERN,Stipend: Rs. 0,Email: akash@elewayte.com,Phone No: 6383453564,Location: PAN INDIA,Last Date to Apply: 2025-12-31,./apply.php?uid=INTERNSHIP_1700651355655de15b8db84&company_id=CORPORATE652010a62675a1696600230&level=1&synopsis=No,./details_internship.php?uid=INTERNSHIP_1700651355655de15b8db84&level=1
Title: DATA SCIENCE: DATA ANALYSIS INTERN,Stipend: Rs. 0,Email: akash@elewayte.com,Phone No: 6383453564,Location: PAN INDIA,Last Date to Apply: 2025-12-31,./apply.php?uid=INTERNSHIP_1700655833655df2d9741ed&company_id=CORPORATE652010a62675a1696600230&level=1&synopsis=No,./details_internship.php?uid=INTERNSHIP_1700655833655df2d9741ed&level=1
Title: ARTIFICIAL INTELLIGENCE - PYTHON FOR AI,Stipend: Rs.,Email: wahadtechnologysolutions@gmail.com,Phone No: 9487259547,Location: Chennai,Last Date to Apply: 2024-12-31,./apply.php?uid=INTERNSHIP_170402883565916aa38ea68&company_id=CORPORATE653f974ad6a8a1698666314&level=1&synopsis=No,./details_internship.php?uid=INTERNSHIP_170402883565916aa38ea68&level=1
Title: DATA ANALYSIS USING PYTHON,Stipend: Rs. 0,Email: shripriti15@gmail.com,Phone No: 9752603998,Location: Pan India,Last Date to Apply: 2024-12-12,./apply.php?uid=INTERNSHIP_170498662065a007fc44eda&company_id=CORPORATE653809a17d1bc1698171297&level=1&synopsis=No,./details_internship.php?uid=INTERNSHIP_170498662065a007fc44eda&level=1
Title: FULL STAKE WEB DEVELOPER,Stipend: Rs.,Email: internships@karthikeyasolutions.com,Phone No: 7207281281,"Location: Gudur, Puttur, Srikalahasti, Tirupati",Last Date to Apply: 2024-12-31,./apply.php?uid=INTERNSHIP_170573528665ab747642616&company_id=CORPORATE65014b17617d91694583575&level=1&synopsis=No,./details_internship.php?uid=INTERNSHIP_170573528665ab747642616&level=1
Title: PYTHON WEB APP DEVLOPMENT,Stipend: Rs.,Email: internships@karthikeyasolutions.com,Phone No: 7207281281,Location: Tirupati,Last Date to Apply: 2024-12-31,./apply.php?uid=INTERNSHIP_170573551965ab755f78800&company_id=CORPORATE65014b17617d91694583575&level=1&synopsis=No,./details_internship.php?uid=INTERNSHIP_170573551965ab755f78800&level=1
Title: DEVOPS,Stipend: Rs.,Email: internships@karthikeyasolutions.com,Phone No: 7207281281,"Location:   Nellore, Ongole, Tirupati, Vizag, Vijayawada, Warangal, Anantapur, Kurnool, Kadapa, Guntur, Rajamahendravaram, Kakinada, Eluru, Puttur, Srikalahasti, Madanapalle",Last Date to Apply: 2024-12-31,./apply.php?uid=INTERNSHIP_170573609165ab779b875d0&company_id=CORPORATE65014b17617d91694583575&level=1&synopsis=No,./details_internship.php?uid=INTERNSHIP_170573609165ab779b875d0&level=1
Title: DATA SCIENCE,Stipend: Rs.,Email: internships@karthikeyasolutions.com,Phone No: 7207281281,"Location: Nellore, Ongole, Tirupati, Vizag, Vijayawada, Warangal, Anantapur, Kurnool, Kadapa, Guntur, Rajamahendravaram, Kakinada, Eluru, Puttur, Srikalahasti, Madanapalle",Last Date to Apply: 2024-12-31,./apply.php?uid=INTERNSHIP_170573664565ab79c5139d1&company_id=CORPORATE65014b17617d91694583575&level=1&synopsis=No,./details_internship.php?uid=INTERNSHIP_170573664565ab79c5139d1&level=1
Title: ANDROID DEVELOPER,Stipend: Rs.,Email: internships@karthikeyasolutions.com,Phone No: 7207281281,"Location: Nellore, Ongole, Tirupati, Vizag, Vijayawada, Warangal, Anantapur, Kurnool, Kadapa, Guntur, Rajamahendravaram, Kakinada, Eluru, Puttur, Srikalahasti, Madanapalle",Last Date to Apply: 2024-12-31,./apply.php?uid=INTERNSHIP_170573672065ab7a10416f7&company_id=CORPORATE65014b17617d91694583575&level=1&synopsis=No,./details_internship.php?uid=INTERNSHIP_170573672065ab7a10416f7&level=1
Title: SYSTEM ADMINISTRATION,Stipend: Rs.,Email: internships@karthikeyasolutions.com,Phone No: 7207281281,"Location: Nellore, Ongole, Tirupati, Vizag, Vijayawada, Warangal, Anantapur, Kurnool, Kadapa, Guntur, Rajamahendravaram, Kakinada, Eluru, Puttur, Srikalahasti, Madanapalle",Last Date to Apply: 2024-12-31,./apply.php?uid=INTERNSHIP_170573677865ab7a4a1324c&company_id=CORPORATE65014b17617d91694583575&level=1&synopsis=No,./details_internship.php?uid=INTERNSHIP_170573677865ab7a4a1324c&level=1
Title: BUSINESS ANALYST,Stipend: Rs.,Email: internships@karthikeyasolutions.com,Phone No: 7207281281,"Location: Nellore, Ongole, Tirupati, Vizag, Vijayawada, Warangal, Anantapur, Kurnool, Kadapa, Guntur, Rajamahendravaram, Kakinada, Eluru, Puttur, Srikalahasti, Madanapalle",Last Date to Apply: 2024-12-31,./apply.php?uid=INTERNSHIP_170573683965ab7a8779951&company_id=CORPORATE65014b17617d91694583575&level=1&synopsis=No,./details_internship.php?uid=INTERNSHIP_170573683965ab7a8779951&level=1
Title: CYBER SECURITY,Stipend: Rs.,Email: internships@karthikeyasolutions.com,Phone No: 7207281281,"Location: Nellore, Ongole, Tirupati, Vizag, Vijayawada, Warangal, Anantapur, Kurnool, Kadapa, Guntur, Rajamahendravaram, Kakinada, Eluru, Puttur, Srikalahasti, Madanapalle",Last Date to Apply: 2024-12-31,./apply.php?uid=INTERNSHIP_170573691365ab7ad11a149&company_id=CORPORATE65014b17617d91694583575&level=1&synopsis=No,./details_internship.php?uid=INTERNSHIP_170573691365ab7ad11a149&level=1
Title: CLOUD COMPUTING,Stipend: Rs.,Email: internships@karthikeyasolutions.com,Phone No: 7207281281,"Location: Nellore, Ongole, Tirupati, Vizag, Vijayawada, Warangal, Anantapur, Kurnool, Kadapa, Guntur, Rajamahendravaram, Kakinada, Eluru, Puttur, Srikalahasti, Madanapalle",Last Date to Apply: 2024-12-31,./apply.php?uid=INTERNSHIP_170573699365ab7b21bf34b&company_id=CORPORATE65014b17617d91694583575&level=1&synopsis=No,./details_internship.php?uid=INTERNSHIP_170573699365ab7b21bf34b&level=1
Title: DATABASE DEVELOPER,Stipend: Rs.,Email: internships@karthikeyasolutions.com,Phone No: 7207281281,"Location: Nellore, Ongole, Tirupati, Vizag, Vijayawada, Warangal, Anantapur, Kurnool, Kadapa, Guntur, Rajamahendravaram, Kakinada, Eluru, Puttur, Srikalahasti, Madanapalle",Last Date to Apply: 2024-12-31,./apply.php?uid=INTERNSHIP_170573706965ab7b6de9836&company_id=CORPORATE65014b17617d91694583575&level=1&synopsis=No,./details_internship.php?uid=INTERNSHIP_170573706965ab7b6de9836&level=1
Title: PCB DESIGN,Stipend: Rs.,Email: internships@karthikeyasolutions.com,Phone No: 7207281281,"Location: Nellore, Ongole, Tirupati, Vizag, Vijayawada, Warangal, Anantapur, Kurnool, Kadapa, Guntur, Rajamahendravaram, Kakinada, Eluru, Puttur, Srikalahasti, Madanapalle",Last Date to Apply: 2024-12-31,./apply.php?uid=INTERNSHIP_170573712765ab7ba75dc2a&company_id=CORPORATE65014b17617d91694583575&level=1&synopsis=No,./details_internship.php?uid=INTERNSHIP_170573712765ab7ba75dc2a&level=1
Title: MACHINE LEARNING INTERNSHIP,Stipend: Rs. 0,Email: official.slashmark@gmail.com,Phone No: 8500825294,Location: Virtual,Last Date to Apply: 2025-01-01,./apply.php?uid=INTERNSHIP_170711788565c08d3d0e186&company_id=CORPORATE65117748884741695643464&level=1&synopsis=No,./details_internship.php?uid=INTERNSHIP_170711788565c08d3d0e186&level=1
Title: ARTIFICIAL INTELLIGENCE INTERNSHIP,Stipend: Rs. 0,Email: official.slashmark@gmail.com,Phone No: 8500825294,Location: Virtual,Last Date to Apply: 2025-01-01,./apply.php?uid=INTERNSHIP_170711867065c0904ecce75&company_id=CORPORATE65117748884741695643464&level=1&synopsis=No,./details_internship.php?uid=INTERNSHIP_170711867065c0904ecce75&level=1
Title: ARTIFICIAL INTELLIGENCE & ML IN-PLANT TRAINING,Stipend: Rs.,Email: internship@sytiqhub.com,Phone No: 7989641224,"Location: Vijayawada, Andhra Pradesh",Last Date to Apply: 2026-06-20,./apply.php?uid=INTERNSHIP_170720677765c1e87967357&company_id=CORPORATE6510ff6953b121695612777&level=1&synopsis=No,./details_internship.php?uid=INTERNSHIP_170720677765c1e87967357&level=1
Title: ARTIFICIAL INTELLIGENCE MACHINE LEARINING AND DEEP LEARNING USING PYTHON,Stipend: Rs.,Email: internship@sytiqhub.com,Phone No: 7989641224,"Location: Vijayawada, Andhra Pradesh",Last Date to Apply: 2026-06-20,./apply.php?uid=INTERNSHIP_170720791365c1ece99de9b&company_id=CORPORATE6510ff6953b121695612777&level=1&synopsis=No,./details_internship.php?uid=INTERNSHIP_170720791365c1ece99de9b&level=1
Title: MATLAB SIMULATION INTERNSHIP,Stipend: Rs.,Email: internship@sytiqhub.com,Phone No: 7989641224,"Location: Vijayawada, Andhra Pradesh",Last Date to Apply: 2026-06-20,./apply.php?uid=INTERNSHIP_170721161765c1fb61da309&company_id=CORPORATE6510ff6953b121695612777&level=1&synopsis=No,./details_internship.php?uid=INTERNSHIP_170721161765c1fb61da309&level=1
Title: BUSINESS ANALYST TRAINING & INTERNSHIP,Stipend: Rs.,Email: internship@sytiqhub.com,Phone No: 7989641224,"Location: Vijayawada, Andhra Pradesh",Last Date to Apply: 2026-06-20,./apply.php?uid=INTERNSHIP_170721436465c2061c8b957&company_id=CORPORATE6510ff6953b121695612777&level=1&synopsis=No,./details_internship.php?uid=INTERNSHIP_170721436465c2061c8b957&level=1
"Title: DATA SCIENCE, AI, MACHINE LEARNING USING PYTHON (PROJECT BASED)",Stipend: Rs.,Email: internship@sytiqhub.com,Phone No: 7989641224,"Location: Vijayawada, Andhra Pradesh",Last Date to Apply: 2026-06-20,./apply.php?uid=INTERNSHIP_170721493465c208567c590&company_id=CORPORATE6510ff6953b121695612777&level=1&synopsis=No,./details_internship.php?uid=INTERNSHIP_170721493465c208567c590&level=1
Title: DATA SCIENCE INTERNSHIP WITH CERTIFICATION,Stipend: Rs.,Email: mail@zephyrtechnologies.co,Phone No: 8111843307,"Location: Mangalore.kumpta ,Udupi",Last Date to Apply: 2024-10-30,./apply.php?uid=INTERNSHIP_170857461465d6c79608c70&company_id=CORPORATE61318c80647141630637184&level=1&synopsis=No,./details_internship.php?uid=INTERNSHIP_170857461465d6c79608c70&level=1
Title: ARTIFICIAL INTELLIGENCE INTERNSHIP PROGRAM,Stipend: Rs.,Email: info@embrizon.com,Phone No: 9886575615,Location: Pan India,Last Date to Apply: 2024-12-31,./apply.php?uid=INTERNSHIP_170886096465db262473e38&company_id=CORPORATE65a3fb1feffb11705245471&level=1&synopsis=No,./details_internship.php?uid=INTERNSHIP_170886096465db262473e38&level=1
Title: DATA SCIENCE INTERNSHIP WITH CERTIFICATION,Stipend: Rs.,Email: info@embrizon.com,Phone No: 9886575615,Location: Pan India,Last Date to Apply: 2024-12-31,./apply.php?uid=INTERNSHIP_170886105465db267e8d16f&company_id=CORPORATE65a3fb1feffb11705245471&level=1&synopsis=No,./details_internship.php?uid=INTERNSHIP_170886105465db267e8d16f&level=1
Title: MACHINE LEARNING INTERNSHIP PROGRAM,Stipend: Rs.,Email: info@embrizon.com,Phone No: 9886575615,Location: Pan India,Last Date to Apply: 2024-12-31,./apply.php?uid=INTERNSHIP_170886120265db2712a9ea7&company_id=CORPORATE65a3fb1feffb11705245471&level=1&synopsis=No,./details_internship.php?uid=INTERNSHIP_170886120265db2712a9ea7&level=1
Title: DATA SCIENCE INTERNSHIP WITH CERTIFICATION,Stipend: Rs.,Email: info@embrizon.com,Phone No: 9886575615,Location: Pan India,Last Date to Apply: 2024-12-31,./apply.php?uid=INTERNSHIP_170886126665db2752ba5db&company_id=CORPORATE65a3fb1feffb11705245471&level=1&synopsis=No,./details_internship.php?uid=INTERNSHIP_170886126665db2752ba5db&level=1
Title: DATA SCIENCE INTERNSHIP WITH CERTIFICATION,Stipend: Rs.,Email: info@embrizon.com,Phone No: 9886575615,Location: Pan India,Last Date to Apply: 2024-12-31,./apply.php?uid=INTERNSHIP_170886171165db290f5b981&company_id=CORPORATE65a3fb1feffb11705245471&level=1&synopsis=No,./details_internship.php?uid=INTERNSHIP_170886171165db290f5b981&level=1
Title: MACHINE LEARNING INTERNSHIP PROGRAM,Stipend: Rs.,Email: info@embrizon.com,Phone No: 9886575615,Location: Pan India,Last Date to Apply: 2024-12-31,./apply.php?uid=INTERNSHIP_170886177165db294bded41&company_id=CORPORATE65a3fb1feffb11705245471&level=1&synopsis=No,./details_internship.php?uid=INTERNSHIP_170886177165db294bded41&level=1
Title: AI - ML VIRTUAL INTERNSHIP PROGRAM,Stipend: Rs. 0,Email: hr@learnflu.com,Phone No: 9606917841,Location: Bangalore,Last Date to Apply: 2024-10-10,./apply.php?uid=INTERNSHIP_170981455165e9b3172027e&company_id=CORPORATE65b9f5d3249781706685907&level=1&synopsis=No,./details_internship.php?uid=INTERNSHIP_170981455165e9b3172027e&level=1
Title: MACHINE LEARNING INTERNSHIP,Stipend: Rs. 0,Email: saisatish@indianservers.com,Phone No: 9618222220,Location: Vijayawada,Last Date to Apply: 2025-05-05,./apply.php?uid=INTERNSHIP_170983503665ea031cce189&company_id=CORPORATE61e9a6f5411d61642702581&level=1&synopsis=No,./details_internship.php?uid=INTERNSHIP_170983503665ea031cce189&level=1
Title: PLC SCADA,Stipend: Rs.,Email: contact@invigoinfotech.in,Phone No: 6204266080,Location: Purnea,Last Date to Apply: 2024-12-31,./apply.php?uid=INTERNSHIP_171051500365f4633b0afac&company_id=CORPORATE658b3b5ce93c41703623516&level=1&synopsis=No,./details_internship.php?uid=INTERNSHIP_171051500365f4633b0afac&level=1
Title: WEB DEVELOPMENT,Stipend: Rs.,Email: visioninternz@gmail.com,Phone No: 8651966081,Location: India,Last Date to Apply: 2025-03-23,./apply.php?uid=INTERNSHIP_171057296265f545a2d808b&company_id=CORPORATE65f30e66241251710427750&level=1&synopsis=No,./details_internship.php?uid=INTERNSHIP_171057296265f545a2d808b&level=1
Title: COHORT 7 MACHINE LEARNING PROJECT-BASED INTERNSHIP,Stipend: Rs. 0,Email: official.slashmark@gmail.com,Phone No: 8500825294,Location: WFH,Last Date to Apply: 2025-01-01,./apply.php?uid=INTERNSHIP_171111507765fd8b450e163&company_id=CORPORATE65117748884741695643464&level=1&synopsis=No,./details_internship.php?uid=INTERNSHIP_171111507765fd8b450e163&level=1
Title: COHORT 7 ARTIFICIAL INTELLIGENCE PROJECT-BASED INTERNSHIP,Stipend: Rs. 0,Email: official.slashmark@gmail.com,Phone No: 8500825294,Location: WFH,Last Date to Apply: 2025-01-01,./apply.php?uid=INTERNSHIP_171111664165fd9161e82f5&company_id=CORPORATE65117748884741695643464&level=1&synopsis=No,./details_internship.php?uid=INTERNSHIP_171111664165fd9161e82f5&level=1
Title: COHORT 7 DATA SCIENCE PROJECT-BASED INTERNSHIP,Stipend: Rs. 0,Email: official.slashmark@gmail.com,Phone No: 8500825294,Location: WFH,Last Date to Apply: 2025-01-01,./apply.php?uid=INTERNSHIP_171111795965fd9687c56ea&company_id=CORPORATE65117748884741695643464&level=1&synopsis=No,./details_internship.php?uid=INTERNSHIP_171111795965fd9687c56ea&level=1
Title: AI - ML VIRTUAL INTERNSHIP PROGRAM,Stipend: Rs. 0,Email: support@internx.in,Phone No: 9035523925,Location: bengaluru,Last Date to Apply: 2025-04-02,./apply.php?uid=INTERNSHIP_1712055059660be3138b4ca&company_id=CORPORATE65e48a7c294fb1709476476&level=1&synopsis=No,./details_internship.php?uid=INTERNSHIP_1712055059660be3138b4ca&level=1
Title: BUSINESS ANALYST INTERNSHIP,Stipend: Rs. 0,Email: support@internx.in,Phone No: 9035523925,Location: Banglore,Last Date to Apply: 2025-04-02,./apply.php?uid=INTERNSHIP_1712063070660c025e9e157&company_id=CORPORATE65e48a7c294fb1709476476&level=1&synopsis=No,./details_internship.php?uid=INTERNSHIP_1712063070660c025e9e157&level=1
Title: MACHINE LEARNING AND DATA SCIENCE INTENSHIP,Stipend: Rs. 0,Email: shripriti15@gmail.com,Phone No: 9752603998,Location: Pan India,Last Date to Apply: 2024-12-31,./apply.php?uid=INTERNSHIP_1714033710662a142ee685f&company_id=CORPORATE653809a17d1bc1698171297&level=1&synopsis=No,./details_internship.php?uid=INTERNSHIP_1714033710662a142ee685f&level=1
"Title: DATA SCIENCE, AI, ML  INTERN,DATASCIENTIST",Stipend: Rs.,Email: hr.nubematrix@gmail.com,Phone No: 8019342305,"Location: tirupati,madanapalli,nellore,chittoor,Puttur",Last Date to Apply: 2024-12-25,./apply.php?uid=INTERNSHIP_1714039717662a2ba52642a&company_id=CORPORATE65ce38a3e15ac1708013731&level=1&synopsis=No,./details_internship.php?uid=INTERNSHIP_1714039717662a2ba52642a&level=1
Title: EDVEDHA INTERNSHIPS,Stipend: Rs.,Email: ramkumar@edvedha.com,Phone No: 8074820377,Location: Pan India,Last Date to Apply: 2025-01-01,./apply.php?uid=INTERNSHIP_1715169063663b6727f0437&company_id=CORPORATE6515aa4ed33201695918670&level=1&synopsis=No,./details_internship.php?uid=INTERNSHIP_1715169063663b6727f0437&level=1
Title: PROGRAMMING WITH PYTHON TRAINING & INTERNSHIP,Stipend: Rs.,Email: shripriti15@gmail.com,Phone No: 9752603998,Location: Pan India,Last Date to Apply: 2024-12-01,./apply.php?uid=INTERNSHIP_17157874176644d69986f9f&company_id=CORPORATE653809a17d1bc1698171297&level=1&synopsis=No,./details_internship.php?uid=INTERNSHIP_17157874176644d69986f9f&level=1
Title: STATISTICS FOR DATA SCIENCE INTERNSHIP AND TRAINING PROGRAM,Stipend: Rs.,Email: shripriti15@gmail.com,Phone No: 9752603998,Location:,Last Date to Apply: 2025-01-03,./apply.php?uid=INTERNSHIP_1716458355664f1373b2928&company_id=CORPORATE653809a17d1bc1698171297&level=1&synopsis=No,./details_internship.php?uid=INTERNSHIP_1716458355664f1373b2928&level=1
Title: AI & ML WITH DATA SCIENCE,Stipend: Rs.,Email: internship@ratifyme.in,Phone No: 7901023939,Location: Pan India,Last Date to Apply: 2025-01-31,./apply.php?uid=INTERNSHIP_17168292496654bc41e7cbc&company_id=CORPORATE6419b634002251679406644&level=1&synopsis=No,./details_internship.php?uid=INTERNSHIP_17168292496654bc41e7cbc&level=1
Title: DATA SCIENCE,Stipend: Rs. 11000,Email: pirt@postulate.in,Phone No: 9843544136,Location: Coimbatore,Last Date to Apply: 2025-05-31,./apply.php?uid=INTERNSHIP_1717244595665b12b39492d&company_id=CORPORATE612e5e14b642d1630428692&level=1&synopsis=No,./details_internship.php?uid=INTERNSHIP_1717244595665b12b39492d&level=1
Title: DATA SCIENCE INTERNSHIP FULL TIME,Stipend: Rs. 15000,Email: pirt@postulate.in,Phone No: 9843544136,Location: Coimbatore,Last Date to Apply: 2025-05-31,./apply.php?uid=INTERNSHIP_1717245320665b1588b3ef4&company_id=CORPORATE612e5e14b642d1630428692&level=1&synopsis=No,./details_internship.php?uid=INTERNSHIP_1717245320665b1588b3ef4&level=1
Title: DATA SCIENCE INTERNSHIP VIRTUAL,Stipend: Rs. 11000,Email: pirt@postulate.in,Phone No: 9843544136,Location: Coimbatore,Last Date to Apply: 2025-05-31,./apply.php?uid=INTERNSHIP_1717245806665b176e0cde8&company_id=CORPORATE612e5e14b642d1630428692&level=1&synopsis=No,./details_internship.php?uid=INTERNSHIP_1717245806665b176e0cde8&level=1
Title: MACHINE LEARNING TRAINING & INTERNSHIP,Stipend: Rs. 0,Email: shripriti15@gmail.com,Phone No: 9752603998,Location: Pan India,Last Date to Apply: 2025-12-31,./apply.php?uid=INTERNSHIP_1718541994666edeaa71d0b&company_id=CORPORATE653809a17d1bc1698171297&level=1&synopsis=No,./details_internship.php?uid=INTERNSHIP_1718541994666edeaa71d0b&level=1
Title: GOOGLE CLOUD GENERATIVE AI VIRTUAL INTERNSHIP PROGRAM 2024,Stipend: Rs. 0,Email: support@thesmartbridge.com,Phone No: 9346993306,Location: Pan India,Last Date to Apply: 2024-10-15,./new_apply.php?uid=INTERNSHIP_17188759356673f71faef30&company_id=CORPORATE5f3f7e87c3ef11597996679&level=1&synopsis=Yes,./details_internship.php?uid=INTERNSHIP_17188759356673f71faef30&level=1
"Title: DATA SCIENCE, AI, ML INTERNSHIP",Stipend: Rs. 0,Email: hunarintern@gmail.com,Phone No: 8279365862,Location: Delhi,Last Date to Apply: 2024-11-21,./new_apply.php?uid=INTERNSHIP_17200750386686431e03d2d&company_id=CORPORATE662e1f9201b321714298770&level=1&synopsis=Yes,./details_internship.php?uid=INTERNSHIP_17200750386686431e03d2d&level=1
Title: EMBEDDED SYSTEMS AND IOT WITH MICRO PYTHON,Stipend: Rs. 0,Email: admin@technotran.in,Phone No: 9000326936,"Location: Pan India,Anantapur,Bapatla,Bengaluru Urban,Chennai,Chittoor,Coimbatore,Cuddapah,Hyderabad,Kakinada,Kurnool,Madurai,Mysore,Mysuru,Nellore",Last Date to Apply: 2024-12-31,./apply.php?uid=INTERNSHIP_172009032466867ed4405e9&company_id=CORPORATE64511457dd9921683035223&level=1&synopsis=No,./details_internship.php?uid=INTERNSHIP_172009032466867ed4405e9&level=1
Title: AI & ML USING PYTHON,Stipend: Rs. 0,Email: admin@technotran.in,Phone No: 9000326936,"Location: Pan India,Anantapur,Bapatla,Bengaluru Urban,Chennai,Chittoor,Coimbatore,Cuddapah,Hyderabad,Kakinada,Kurnool,Madurai,Mysore,Mysuru,Nellore",Last Date to Apply: 2024-12-31,./apply.php?uid=INTERNSHIP_17200907026686804edb1d0&company_id=CORPORATE64511457dd9921683035223&level=1&synopsis=No,./details_internship.php?uid=INTERNSHIP_17200907026686804edb1d0&level=1
Title: PYTHON PROGRAMMING INTERNSHIP,Stipend: Rs.,Email: naveenvadde312@gmail.com,Phone No: 8978707207,Location: Hyderabad,Last Date to Apply: 2024-10-20,./apply.php?uid=INTERNSHIP_172009393266868cecb229a&company_id=CORPORATE61403f4ce131f1631600460&level=1&synopsis=No,./details_internship.php?uid=INTERNSHIP_172009393266868cecb229a&level=1
Title: PYTHON WITH AI & ML,Stipend: Rs.,Email: skyparkitech@gmail.com,Phone No: 9159978777,"Location: Chennai,Coimbatore,Erode,Namakkal,Salem",Last Date to Apply: 2024-09-30,./apply.php?uid=INTERNSHIP_172080306466915ef84fa0e&company_id=CORPORATE65d99e456ad3f1708760645&level=1&synopsis=No,./details_internship.php?uid=INTERNSHIP_172080306466915ef84fa0e&level=1
Title: ARTIFICIAL INTELLIGENCE USING PYTHON INTERNSHIP,Stipend: Rs.,Email: topperrankmtepl@gmail.com,Phone No: 6009871517,Location: Pan India,Last Date to Apply: 2024-09-30,./apply.php?uid=INTERNSHIP_17208487656692117db8db0&company_id=CORPORATE66892dae851ed1720266158&level=1&synopsis=No,./details_internship.php?uid=INTERNSHIP_17208487656692117db8db0&level=1
Title: MACHINE LEARNING WITH PYTHON INTERNSHIP,Stipend: Rs.,Email: topperrankmtepl@gmail.com,Phone No: 6009871517,Location: Pan India,Last Date to Apply: 2024-09-30,./apply.php?uid=INTERNSHIP_172087437366927585c3a5f&company_id=CORPORATE66892dae851ed1720266158&level=1&synopsis=No,./details_internship.php?uid=INTERNSHIP_172087437366927585c3a5f&level=1
Title: PYTHON INTERNSHIP WITH CERTIFICATION,Stipend: Rs. 0,Email: directorbrahmas@gmail.com,Phone No: 9493893841,Location: Pan India,Last Date to Apply: 2024-12-31,./apply.php?uid=INTERNSHIP_1721615357669dc3fdaf450&company_id=CORPORATE659b8fd749da81704693719&level=1&synopsis=No,./details_internship.php?uid=INTERNSHIP_1721615357669dc3fdaf450&level=1
Title: JAVA PROGRAMMING INTERNSHIP WITH CERTIFICATE,Stipend: Rs. 0,Email: directorbrahmas@gmail.com,Phone No: 9493893841,Location: Pan India,Last Date to Apply: 2024-12-31,./apply.php?uid=INTERNSHIP_1721618876669dd1bcb0577&company_id=CORPORATE659b8fd749da81704693719&level=1&synopsis=No,./details_internship.php?uid=INTERNSHIP_1721618876669dd1bcb0577&level=1
Title: AI/ML TRAINING & INTERNSHIP,Stipend: Rs. 0,Email: info@drpallamsetti.com,Phone No: 9391057252,Location: Pan India,Last Date to Apply: 2025-04-23,./apply.php?uid=INTERNSHIP_1721730154669f846aca5ed&company_id=CORPORATE669f55c322ccd1721718211&level=1&synopsis=No,./details_internship.php?uid=INTERNSHIP_1721730154669f846aca5ed&level=1
Title: AI/ML TRAINING & INTERNSHIP,Stipend: Rs. 0,Email: info@drpallamsetti.com,Phone No: 9391057252,Location: Pan India,Last Date to Apply: 2025-05-25,./apply.php?uid=INTERNSHIP_1721734067669f93b378875&company_id=CORPORATE669f55c322ccd1721718211&level=1&synopsis=No,./details_internship.php?uid=INTERNSHIP_1721734067669f93b378875&level=1
Title: DATA SCIENCE TRAINING & INTERNSHIP PROGRAM,Stipend: Rs. 0,Email: info@drpallamsetti.com,Phone No: 9391057252,Location: Pan India,Last Date to Apply: 2025-06-23,./apply.php?uid=INTERNSHIP_1721738404669fa4a42e4ab&company_id=CORPORATE669f55c322ccd1721718211&level=1&synopsis=No,./details_internship.php?uid=INTERNSHIP_1721738404669fa4a42e4ab&level=1
Title: MACHINE LEARNING INTERNSHIP,Stipend: Rs. 0,Email: support@thesmartbridge.com,Phone No: 9346993306,Location: Pan India,Last Date to Apply: 2025-01-10,./apply.php?uid=INTERNSHIP_172180348166a0a2d99eac3&company_id=CORPORATE5f3f7e87c3ef11597996679&level=1&synopsis=No,./details_internship.php?uid=INTERNSHIP_172180348166a0a2d99eac3&level=1
Title: MACHINE LEARNING INTERNSHIP,Stipend: Rs. 0,Email: support@thesmartbridge.com,Phone No: 9346993306,Location: Pan India,Last Date to Apply: 2025-01-10,./apply.php?uid=INTERNSHIP_172180652066a0aeb8363f2&company_id=CORPORATE5f3f7e87c3ef11597996679&level=1&synopsis=No,./details_internship.php?uid=INTERNSHIP_172180652066a0aeb8363f2&level=1
Title: AIML (ARTIFICIAL INTELLIGENCE AND MACHINE LEARNING) INTERNSHIP WITH CERTIFICATION,Stipend: Rs.,Email: next24tech@gmail.com,Phone No: 9529978907,Location: Pan India,Last Date to Apply: 2024-09-05,./apply.php?uid=INTERNSHIP_172204642466a457d886cb4&company_id=CORPORATE6585796c2870f1703246188&level=1&synopsis=No,./details_internship.php?uid=INTERNSHIP_172204642466a457d886cb4&level=1
Title: DATA SCIENCE INTERNSHIP WITH CERTIFICATION,Stipend: Rs.,Email: itzsram@gmail.com,Phone No: 7350449972,Location: Pan India,Last Date to Apply: 2024-12-31,./apply.php?uid=INTERNSHIP_172205693666a480e846371&company_id=CORPORATE667ebf7b2e9271719582587&level=1&synopsis=No,./details_internship.php?uid=INTERNSHIP_172205693666a480e846371&level=1
Title: AIML (ARTIFICIAL INTELLIGENCE AND MACHINE LEARNING) INTERNSHIP WITH CERTIFICATION,Stipend: Rs.,Email: next24tech@gmail.com,Phone No: 9529978907,Location: Pan India,Last Date to Apply: 2024-09-02,./apply.php?uid=INTERNSHIP_172214547566a5dac37da4d&company_id=CORPORATE6585796c2870f1703246188&level=1&synopsis=No,./details_internship.php?uid=INTERNSHIP_172214547566a5dac37da4d&level=1
Title: DATA STRUCTURE AND ALGORITHMS IN C++,Stipend: Rs. 1000,Email: help@rinex.ai,Phone No: 9429690310,Location: Kolkata,Last Date to Apply: 2025-11-27,./apply.php?uid=INTERNSHIP_172233808866a8cb2849f79&company_id=CORPORATE64732f6a043e01685270378&level=1&synopsis=No,./details_internship.php?uid=INTERNSHIP_172233808866a8cb2849f79&level=1
Title: DATA STRUCTURE AND ALGORITHMS IN JAVA,Stipend: Rs. 1000,Email: help@rinex.ai,Phone No: 9429690310,Location: Kolkata,Last Date to Apply: 2025-11-27,./apply.php?uid=INTERNSHIP_172234893466a8f58690862&company_id=CORPORATE64732f6a043e01685270378&level=1&synopsis=No,./details_internship.php?uid=INTERNSHIP_172234893466a8f58690862&level=1
Title: DATA STRUCTURE AND ALGORITHMS IN PYTHON,Stipend: Rs. 1000,Email: help@rinex.ai,Phone No: 9429690310,Location: Kolkata,Last Date to Apply: 2025-11-27,./apply.php?uid=INTERNSHIP_172235258266a903c6bd268&company_id=CORPORATE64732f6a043e01685270378&level=1&synopsis=No,./details_internship.php?uid=INTERNSHIP_172235258266a903c6bd268&level=1
Title: DIPLOMA IN SOFT SKILLS & COMMUNICATIVE ENGLISH,Stipend: Rs. 0,Email: gtcco.global@gmail.com,Phone No: 7010702114,Location: Pan India,Last Date to Apply: 2024-09-30,./apply.php?uid=INTERNSHIP_172249475466ab2f2243b22&company_id=CORPORATE666bcb216a8e41718340385&level=1&synopsis=No,./details_internship.php?uid=INTERNSHIP_172249475466ab2f2243b22&level=1
Title: DATA ENGINEERING STUDENT INTERNSHIP PROGRAM,Stipend: Rs.,Email: intern@tecoholic.com,Phone No: 9876197572,Location: Bangalore,Last Date to Apply: 2024-09-15,./apply.php?uid=INTERNSHIP_172301426466b31c7846f68&company_id=CORPORATE65ccdfb38115e1707925427&level=1&synopsis=No,./details_internship.php?uid=INTERNSHIP_172301426466b31c7846f68&level=1
Title: JAVA DEVELOPMENT INTERNSHIP,Stipend: Rs.,Email: itzsram@gmail.com,Phone No: 7350449972,Location: Pan India,Last Date to Apply: 2025-09-30,./apply.php?uid=INTERNSHIP_172372533766bdf619a8aec&company_id=CORPORATE666822fcb07771718100732&level=1&synopsis=No,./details_internship.php?uid=INTERNSHIP_172372533766bdf619a8aec&level=1
Title: C PROGRAMMING INTERNSHIP,Stipend: Rs.,Email: itzsram@gmail.com,Phone No: 7350449972,Location: Pan India,Last Date to Apply: 2025-11-25,./apply.php?uid=INTERNSHIP_172372638466bdfa3047789&company_id=CORPORATE667ebf7b2e9271719582587&level=1&synopsis=No,./details_internship.php?uid=INTERNSHIP_172372638466bdfa3047789&level=1
Title: PYTHON PROGRAMMING INTERNSHIP,Stipend: Rs.,Email: itzsram@gmail.com,Phone No: 7350449972,Location: Pan India,Last Date to Apply: 2025-07-22,./apply.php?uid=INTERNSHIP_172372759866bdfeee95b48&company_id=CORPORATE667ebf7b2e9271719582587&level=1&synopsis=No,./details_internship.php?uid=INTERNSHIP_172372759866bdfeee95b48&level=1
Title: ANDROID DEVELOPMENT INTERNSHIP,Stipend: Rs.,Email: itzsram@gmail.com,Phone No: 7350449972,Location: Pan India,Last Date to Apply: 2025-05-30,./apply.php?uid=INTERNSHIP_172372772266bdff6a3d6e8&company_id=CORPORATE666822fcb07771718100732&level=1&synopsis=No,./details_internship.php?uid=INTERNSHIP_172372772266bdff6a3d6e8&level=1
Title: C PROGRAMMING INTERNSHIP,Stipend: Rs.,Email: itzsram@gmail.com,Phone No: 7350449972,Location: Pan India,Last Date to Apply: 2025-10-15,./apply.php?uid=INTERNSHIP_172373589166be1f5320c37&company_id=CORPORATE666822fcb07771718100732&level=1&synopsis=No,./details_internship.php?uid=INTERNSHIP_172373589166be1f5320c37&level=1
Title: C++ DEVELOPMENT INTERNSHIP,Stipend: Rs.,Email: itzsram@gmail.com,Phone No: 7350449972,Location:,Last Date to Apply: 2026-03-13,./apply.php?uid=INTERNSHIP_172373603466be1fe2225ca&company_id=CORPORATE667ebf7b2e9271719582587&level=1&synopsis=No,./details_internship.php?uid=INTERNSHIP_172373603466be1fe2225ca&level=1
Title: ARTIFICAL INTELLIGENCE,Stipend: Rs.,Email: info@smarted.pro,Phone No: 8660275375,Location:,Last Date to Apply: 2024-10-31,./apply.php?uid=INTERNSHIP_172380263766bf240de8052&company_id=CORPORATE656b05db5e5991701512667&level=1&synopsis=No,./details_internship.php?uid=INTERNSHIP_172380263766bf240de8052&level=1
Title: DATA SCIENCE WITH PYTHON INTERNSHIP,Stipend: Rs.,Email: info@smarted.pro,Phone No: 8660275375,Location:,Last Date to Apply: 2024-11-30,./apply.php?uid=INTERNSHIP_172381861566bf627772c26&company_id=CORPORATE656b05db5e5991701512667&level=1&synopsis=No,./details_internship.php?uid=INTERNSHIP_172381861566bf627772c26&level=1
Title: MACHINE LEARNING INTERNSHIP,Stipend: Rs.,Email: info@smarted.pro,Phone No: 8660275375,Location:,Last Date to Apply: 2024-11-30,./apply.php?uid=INTERNSHIP_172381872966bf62e9525a9&company_id=CORPORATE656b05db5e5991701512667&level=1&synopsis=No,./details_internship.php?uid=INTERNSHIP_172381872966bf62e9525a9&level=1
Title: MACHINE LEARNING INTERNSHIP,Stipend: Rs. 0,Email: admin@ajaiclasses.com,Phone No: 9176498814,Location:,Last Date to Apply: 2024-09-14,./apply.php?uid=INTERNSHIP_172422307566c58e634e449&company_id=CORPORATE638085ff181101669367295&level=1&synopsis=No,./details_internship.php?uid=INTERNSHIP_172422307566c58e634e449&level=1
"Title: AIML,DATA SCIENCE AND ANALYTICS INTERNSHIP - FOR STUDENTS",Stipend: Rs.,Email: official.vibranceaiinnovations@gmail.com,Phone No: 7822032476,Location: Pan India,Last Date to Apply: 2024-09-15,./apply.php?uid=INTERNSHIP_172431657366c6fb9d91ceb&company_id=CORPORATE65a1779c05bb31705080732&level=1&synopsis=No,./details_internship.php?uid=INTERNSHIP_172431657366c6fb9d91ceb&level=1
Title: PYTHON PROGRAMMING & DEVELOPMENT,Stipend: Rs. 0,Email: hello@innovateintern.com,Phone No: 9709703085,Location: Pan India,Last Date to Apply: 2024-09-30,./apply.php?uid=INTERNSHIP_172446698966c9472daf39a&company_id=CORPORATE66b80f97af39d1723338647&level=1&synopsis=No,./details_internship.php?uid=INTERNSHIP_172446698966c9472daf39a&level=1
Title: DATA SCIENCE INTERNSHIP,Stipend: Rs.,Email: intershipdg@gmail.com,Phone No: 7852034945,Location: Pan India,Last Date to Apply: 2024-12-31,./apply.php?uid=INTERNSHIP_172447284466c95e0cc76df&company_id=CORPORATE66739040012f41718849600&level=1&synopsis=No,./details_internship.php?uid=INTERNSHIP_172447284466c95e0cc76df&level=1
Title: ARTIFICIAL INTELLIGENCE & MACHINE LEARNING,Stipend: Rs. 0,Email: hello@innovateintern.com,Phone No: 9709703085,Location: Pan India,Last Date to Apply: 2024-09-20,./apply.php?uid=INTERNSHIP_172464407766cbfaedb2c61&company_id=CORPORATE66b80f97af39d1723338647&level=1&synopsis=No,./details_internship.php?uid=INTERNSHIP_172464407766cbfaedb2c61&level=1
Title: DATA SCIENCE,Stipend: Rs. 0,Email: help.successaspire@gmail.com,Phone No: 8310644156,Location: Pan India,Last Date to Apply: 2024-09-04,./apply.php?uid=INTERNSHIP_172466728066cc5590559c4&company_id=CORPORATE66b35080487e91723027584&level=1&synopsis=No,./details_internship.php?uid=INTERNSHIP_172466728066cc5590559c4&level=1
Title: CLOUD COMPUTING ON GOOGLE CLOUD,Stipend: Rs. 0,Email: hello@innovateintern.com,Phone No: 9709703085,Location: Pan India,Last Date to Apply: 2024-09-23,./apply.php?uid=INTERNSHIP_172473790366cd696fe4d66&company_id=CORPORATE66b80f97af39d1723338647&level=1&synopsis=No,./details_internship.php?uid=INTERNSHIP_172473790366cd696fe4d66&level=1
"Title: AI/ML , NLP , AWS INTERNSHIP",Stipend: Rs. 3000,Email: pinnintipraveen369@gmail.com,Phone No: 9440308696,Location: visakhapatnam,Last Date to Apply: 2024-10-09,./apply.php?uid=INTERNSHIP_172482680166cec4b1b984f&company_id=CORPORATE66c9b683eb18d1724495491&level=1&synopsis=No,./details_internship.php?uid=INTERNSHIP_172482680166cec4b1b984f&level=1
Title: ARTIFICIAL INTELLIGENCE & MACHINE LEARNING,Stipend: Rs. 0,Email: renforretningspvtltd@gmail.com,Phone No: 6369236865,Location: Pan India,Last Date to Apply: 2024-09-20,./apply.php?uid=INTERNSHIP_172485804466cf3ebc3804d&company_id=CORPORATE66cedcb4949071724832948&level=1&synopsis=No,./details_internship.php?uid=INTERNSHIP_172485804466cf3ebc3804d&level=1
Title: PYTHON AI/ML PROGRAMMING,Stipend: Rs. 0,Email: support@qtechsolutions.tech,Phone No: 8501033339,"Location: Bangalore,Huzarabad,Hyderabad,Karimnagar,Khammam,Vikarabad,Warangal",Last Date to Apply: 2024-09-20,./apply.php?uid=INTERNSHIP_172486431866cf573e28f27&company_id=CORPORATE66bf8872390ff1723828338&level=1&synopsis=No,./details_internship.php?uid=INTERNSHIP_172486431866cf573e28f27&level=1
Title: DATA SCIENCE/MACHINE LEARNING INTERN,Stipend: Rs. 10000,Email: shamgarsoft@gmail.com,Phone No: 9959025952,Location: Pan India,Last Date to Apply: 2024-09-30,./apply.php?uid=INTERNSHIP_172491151466d00f9a11292&company_id=CORPORATE659d195e4fdb91704794462&level=1&synopsis=No,./details_internship.php?uid=INTERNSHIP_172491151466d00f9a11292&level=1
Title: CLOUD COMPUTING ON GOOGLE CLOUD,Stipend: Rs. 0,Email: rootzonlineinnovate@gmail.com,Phone No: 6381637525,Location: Pan India,Last Date to Apply: 2024-09-22,./apply.php?uid=INTERNSHIP_172491976066d02fd054b10&company_id=CORPORATE66cc0920b22d21724647712&level=1&synopsis=No,./details_internship.php?uid=INTERNSHIP_172491976066d02fd054b10&level=1
Title: DATA SCIENCE INTERNSHIP PART TIME,Stipend: Rs. 0,Email: support@qtechsolutions.tech,Phone No: 8501033339,"Location: Bangalore,Chennai,Hyderabad,Karimnagar,Khammam,Salem,Warangal",Last Date to Apply: 2024-09-30,./apply.php?uid=INTERNSHIP_172492067266d0336065b4f&company_id=CORPORATE66bf8872390ff1723828338&level=1&synopsis=No,./details_internship.php?uid=INTERNSHIP_172492067266d0336065b4f&level=1
Title: CLOUD COMPUTING ON GOOGLE CLOUD,Stipend: Rs. 0,Email: renforretningspvtltd@gmail.com,Phone No: 6369236865,Location: Pan India,Last Date to Apply: 2024-09-28,./apply.php?uid=INTERNSHIP_172493108166d05c0930c4b&company_id=CORPORATE66cedcb4949071724832948&level=1&synopsis=No,./details_internship.php?uid=INTERNSHIP_172493108166d05c0930c4b&level=1
Title: ARTIFICIAL INTELLIGENCE & MACHINE LEARNING,Stipend: Rs.,Email: intershipdg@gmail.com,Phone No: 7852034945,Location: Pan India,Last Date to Apply: 2024-12-31,./apply.php?uid=INTERNSHIP_172495150066d0abcce00a3&company_id=CORPORATE66739040012f41718849600&level=1&synopsis=No,./details_internship.php?uid=INTERNSHIP_172495150066d0abcce00a3&level=1
Title: AI USING PYTHON,Stipend: Rs.,Email: hr@vilearnx.in,Phone No: 9963450008,Location: Nellore,Last Date to Apply: 2024-09-15,./apply.php?uid=INTERNSHIP_172498554666d130ca7049a&company_id=CORPORATE66d006569fcc91724909142&level=1&synopsis=No,./details_internship.php?uid=INTERNSHIP_172498554666d130ca7049a&level=1
Title: DIPLOMA IN SOFT SKILLS & COMMUNICATIVE ENGLISH,Stipend: Rs. 0,Email: gtcco.global@gmail.com,Phone No: 7010702114,Location: Pan India,Last Date to Apply: 2024-10-15,./apply.php?uid=INTERNSHIP_172499505066d155ea36e90&company_id=CORPORATE666bcb216a8e41718340385&level=1&synopsis=No,./details_internship.php?uid=INTERNSHIP_172499505066d155ea36e90&level=1
Title: ARTIFICIAL INTELLIGENCE MACHINE LEARINING AND DEEP LEARNING USING PYTHON,Stipend: Rs. 0,Email: support@qtechsolutions.tech,Phone No: 8501033339,"Location: Adilabad,Bangalore,Chennai,Hyderabad,Khammam,Warangal",Last Date to Apply: 2024-10-15,./apply.php?uid=INTERNSHIP_172509276166d2d39968f14&company_id=CORPORATE66bf8872390ff1723828338&level=1&synopsis=No,./details_internship.php?uid=INTERNSHIP_172509276166d2d39968f14&level=1
Title: DATA SCIENCE WITH PYTHON INTERNSHIP,Stipend: Rs.,Email: anilmangamuri799@gmail.com,Phone No: 9381463687,Location:,Last Date to Apply: 2024-09-30,./apply.php?uid=INTERNSHIP_172521484366d4b07bb46e7&company_id=CORPORATE66c0a6c0239d61723901632&level=1&synopsis=No,./details_internship.php?uid=INTERNSHIP_172521484366d4b07bb46e7&level=1
